{"meta":{"title":"Sample story: Searching for Spring in Stromovka","site_name":"Mural","site_img":"https://s3.eu-central-1.amazonaws.com/muralsoftware/test_stories/spring_sample_story/uploads/purple_flowers_thumbnail.jpg","subtitle":"Story of the river and its gorge","author":"Douglas Arellanes","keywords":"Gradac, Storyteller, Sourcefabric","rsspingback":"http://www.google.com/","description":"Prague's Stromovka park is one of its biggest. A former royal hunting ground, the park now features a number of ways to relax and enjoy the outdoors.","src":"https://s3.eu-central-1.amazonaws.com/muralsoftware/test_stories/spring_sample_story/index.html","share":false,"facebook":false,"twitter":true},"items":[{"textcentred":{"nav_title":"","id":"0","title":"<p>Sofia's Final Project</p>","files":["","",""],"subtitle":"<p>Digital Humanities 2023</p>","intro":"<p>NCAA Gymnastics Scores</p>"}},{"videobackground":{"id":"1","suppress":false,"nav_title":"","format":{"fullpage":false},"backgroundprops":{"value":"","opacity":"0.5"},"image":{"loading":""},"offset":{"left":false,"centre":false,"right":false,"custom":false,"value":"50"},"title":"<p><br></p>","subtitle":"","text":"","video":{"mp4":"","webm":""}}},{"imagebackground":{"id":"2","format":{"fullpage":true},"suppress":false,"nav_title":"","title":"<p>IMAGE</p>","subtitle":"<p><br></p>","text":"<p><br></p>","gradient":{"animate":false,"animation":{"top":false,"topright":true,"right":false,"bottomright":false,"bottom":false,"bottomleft":false,"left":false,"topleft":false},"enable":false,"direction":"180","speed":"31"}}},{"videobackground":{"id":3}}],"nav":[{"id":0,"title":""},{"id":1,"title":""},{"id":2,"title":""},{"id":3}]}